pool,strategy,rankBy,exitStrategy,totalReturn,annualizedReturn,sharpeRatio,maxDrawdown,winRate,profitFactor,totalTrades,avgHoldingDays,filteredTradeCount,elapsedMs,error
中证1000,ma_cross,momentum,,-95.70,-66.52,-3.65,95.84,47.34,0.56,13112,1.6,98,7230,
中证1000,ma_cross,value,,-62.59,-28.95,-1.44,65.36,48.73,0.72,12757,4.4,70,7818,
中证1000,ma_cross,turnover,,-81.69,-44.57,-1.32,89.23,53.72,0.57,10716,4.6,29,7024,
中证1000,ma_cross,technical,,-96.17,-67.84,-3.70,96.27,47.96,0.56,13087,1.6,64,7263,
中证1000,ma_cross,low_volatility,,-71.04,-35.00,-2.08,71.84,43.86,0.72,13180,2.6,72,6904,
中证1000,ma_cross,signal_recency,,-82.25,-45.17,-2.35,82.25,42.27,0.68,12686,1.5,38,6801,
中证1000,ma_cross,ma_alignment,,-63.73,-29.71,-0.84,77.32,58.71,0.70,11262,5.5,100,7166,
中证1000,ma_cross,weekly_ma_alignment,,-60.75,-27.75,-0.76,76.40,56.50,0.70,10925,5.4,77,7022,
中证1000,ma_cross,random,,-83.98,-47.09,-2.33,83.98,43.04,0.69,12360,1.6,63,6657,
中证1000,macd_cross,momentum,,-94.93,-64.53,-3.02,94.93,46.59,0.60,13414,1.6,29,7215,
中证1000,macd_cross,value,,-48.16,-20.41,-0.93,52.82,51.54,0.81,13106,7.2,25,6807,
中证1000,macd_cross,turnover,,-86.61,-50.28,-1.63,91.16,54.74,0.51,11234,5.1,13,7097,
中证1000,macd_cross,technical,,-94.75,-64.09,-2.93,94.75,47.01,0.58,13361,1.6,23,7111,
中证1000,macd_cross,low_volatility,,-58.71,-26.47,-1.27,59.72,44.51,0.80,13358,3.8,14,7033,
中证1000,macd_cross,signal_recency,,-87.44,-51.38,-2.86,87.50,42.72,0.66,12805,1.6,36,7270,
中证1000,macd_cross,ma_alignment,,-60.13,-27.36,-0.76,74.89,60.99,0.73,11666,5.7,33,7181,
中证1000,macd_cross,weekly_ma_alignment,,-59.57,-27.00,-0.79,73.33,59.36,0.73,11399,5.9,61,7249,
中证1000,macd_cross,random,,-85.89,-49.37,-2.55,85.89,43.29,0.69,12764,1.8,55,6750,
中证1000,rsi_reversal,momentum,,-27.44,-10.55,-0.36,43.03,50.55,0.87,10620,12.3,68,6777,
中证1000,rsi_reversal,value,,-15.39,-5.64,-0.28,24.83,38.93,0.94,10577,49.7,39,6732,
中证1000,rsi_reversal,turnover,,-49.19,-20.97,-0.64,54.04,44.07,0.64,9497,37.7,31,6623,
中证1000,rsi_reversal,technical,,-25.41,-9.69,-0.32,40.49,51.64,0.88,10625,12.4,38,6871,
中证1000,rsi_reversal,low_volatility,,-22.37,-8.43,-0.46,29.33,46.03,0.87,10520,19.9,9,6870,
中证1000,rsi_reversal,signal_recency,,-35.13,-13.97,-0.55,37.77,46.71,0.83,10988,9.6,12,6787,
中证1000,rsi_reversal,ma_alignment,,-25.88,-9.89,-0.53,31.75,46.26,0.82,9981,30.5,63,7033,
中证1000,rsi_reversal,weekly_ma_alignment,,-15.97,-5.87,-0.23,30.21,48.84,0.91,10147,25.4,63,7095,
中证1000,rsi_reversal,random,,-28.70,-11.09,-0.41,38.10,45.82,0.87,10594,13.7,36,7072,
中证1000,bollinger_breakout,momentum,,-0.76,-0.27,0.05,36.19,54.22,1.01,11198,6.2,68,7221,
中证1000,bollinger_breakout,value,,5.65,1.93,0.10,26.93,36.92,1.17,11102,32.4,72,7138,
中证1000,bollinger_breakout,turnover,,-5.67,-2.01,0.05,48.16,44.69,0.97,10249,20.7,31,7159,
中证1000,bollinger_breakout,technical,,7.19,2.44,0.15,37.59,54.65,1.05,11314,6.4,28,7102,
中证1000,bollinger_breakout,low_volatility,,-8.64,-3.09,-0.18,29.71,41.65,0.99,11186,15.9,30,7341,
中证1000,bollinger_breakout,signal_recency,,-25.95,-9.92,-0.39,42.01,48.20,0.89,11607,5.1,10,7325,
中证1000,bollinger_breakout,ma_alignment,,43.46,13.36,0.55,37.42,55.10,1.15,10114,12.3,81,7465,
中证1000,bollinger_breakout,weekly_ma_alignment,,10.27,3.46,0.19,40.93,48.51,1.03,10289,13.7,75,7342,
中证1000,bollinger_breakout,random,,-26.49,-10.15,-0.36,40.39,47.26,0.88,11377,7.1,52,7185,
中证1000,supertrend,momentum,,-86.90,-50.66,-2.53,86.90,45.89,0.64,13025,2.8,34,7200,
中证1000,supertrend,value,,-16.18,-5.95,-0.22,36.73,46.22,0.95,11799,16.5,42,7336,
中证1000,supertrend,turnover,,-77.85,-40.78,-1.27,82.81,54.24,0.56,10860,11.3,15,7371,
中证1000,supertrend,technical,,-87.57,-51.55,-2.54,87.57,46.35,0.63,12960,2.8,30,7302,
中证1000,supertrend,low_volatility,,-41.20,-16.86,-0.95,41.20,41.14,0.81,12775,8.1,55,7164,
中证1000,supertrend,signal_recency,,-79.00,-41.87,-2.19,79.00,38.91,0.69,12260,2.2,38,7382,
中证1000,supertrend,ma_alignment,,-14.59,-5.34,-0.04,56.05,63.03,0.87,10607,13.8,34,7247,
中证1000,supertrend,weekly_ma_alignment,,17.66,5.81,0.28,48.67,59.16,0.98,10120,17.8,35,7123,
中证1000,supertrend,random,,-71.75,-35.55,-1.70,71.75,39.73,0.72,12482,3.5,71,7788,
中证1000,tech_composite,momentum,,-91.58,-57.68,-2.87,91.59,46.58,0.63,12970,1.8,29,10149,
中证1000,tech_composite,value,,-36.01,-14.38,-0.64,39.53,49.08,0.82,11825,13.4,46,8925,
中证1000,tech_composite,turnover,,-80.28,-43.12,-1.29,86.28,56.26,0.58,10425,6.1,21,8853,
中证1000,tech_composite,technical,,-91.11,-56.89,-2.74,91.12,47.08,0.63,12998,1.8,25,8918,
中证1000,tech_composite,low_volatility,,-57.00,-25.42,-1.46,57.00,41.20,0.75,12912,6.2,35,9188,
中证1000,tech_composite,signal_recency,,-88.15,-52.35,-2.87,88.20,41.16,0.64,11827,1.7,29,8731,
中证1000,tech_composite,ma_alignment,,-50.68,-21.79,-0.57,72.98,61.02,0.72,10376,8.6,69,9195,
中证1000,tech_composite,weekly_ma_alignment,,-37.00,-14.83,-0.34,64.24,59.23,0.79,10491,9.2,82,9198,
中证1000,tech_composite,random,,-80.89,-43.74,-2.11,80.89,41.88,0.71,12050,2.3,25,8953,
中证1000,hammer+time_exit,momentum,time_exit,18.80,6.17,0.57,7.76,72.82,2.02,287,4.8,0,7091,
中证1000,hammer+time_exit,value,time_exit,18.80,6.17,0.57,7.76,73.10,2.02,290,4.8,0,7038,
中证1000,hammer+time_exit,turnover,time_exit,18.71,6.14,0.57,7.76,73.17,2.02,287,4.8,0,7125,
中证1000,hammer+time_exit,technical,time_exit,18.80,6.17,0.57,7.76,72.82,2.02,287,4.8,0,6913,
中证1000,hammer+time_exit,low_volatility,time_exit,18.80,6.17,0.57,7.76,73.01,2.02,289,4.8,0,7196,
中证1000,hammer+time_exit,signal_recency,time_exit,18.81,6.17,0.57,7.76,73.01,2.02,289,4.8,0,7454,
中证1000,hammer+time_exit,ma_alignment,time_exit,18.81,6.17,0.57,7.76,73.01,2.02,289,4.8,0,7808,
中证1000,hammer+time_exit,weekly_ma_alignment,time_exit,18.82,6.18,0.57,7.76,73.43,2.02,286,4.8,0,8552,
中证1000,hammer+time_exit,random,time_exit,18.83,6.18,0.57,7.76,72.73,2.02,286,4.8,0,7176,
中证1000,bullish_engulf+time_exit,momentum,time_exit,-95.21,-65.22,-3.62,95.21,44.89,0.63,12144,1.3,33,7381,
中证1000,bullish_engulf+time_exit,value,time_exit,-58.80,-26.53,-1.43,61.29,38.13,0.75,12208,3.2,48,7749,
中证1000,bullish_engulf+time_exit,turnover,time_exit,-93.33,-60.99,-2.38,94.24,45.72,0.53,9406,2.9,63,7735,
中证1000,bullish_engulf+time_exit,technical,time_exit,-95.63,-66.32,-3.62,95.63,45.13,0.62,12065,1.3,29,7479,
中证1000,bullish_engulf+time_exit,low_volatility,time_exit,-71.30,-35.20,-2.17,71.40,38.34,0.67,11976,2.5,25,7627,
中证1000,bullish_engulf+time_exit,signal_recency,time_exit,-86.63,-50.32,-3.06,86.68,41.40,0.63,11344,1.5,32,7836,
中证1000,bullish_engulf+time_exit,ma_alignment,time_exit,-79.61,-42.46,-1.48,84.01,49.12,0.70,10553,3.1,23,7797,
中证1000,bullish_engulf+time_exit,weekly_ma_alignment,time_exit,-72.78,-36.38,-1.18,78.59,46.05,0.74,9972,3.2,64,7342,
中证1000,bullish_engulf+time_exit,random,time_exit,-87.53,-51.51,-2.94,87.59,40.63,0.64,11323,1.5,9,7285,
中证1000,morning_star+time_exit,momentum,time_exit,-33.56,-13.25,-0.43,45.02,47.46,0.87,5562,3.7,16,7458,
中证1000,morning_star+time_exit,value,time_exit,-33.29,-13.13,-0.46,41.46,46.27,0.86,5734,3.9,0,7254,
中证1000,morning_star+time_exit,turnover,time_exit,-24.12,-9.15,-0.27,43.50,47.37,0.90,5508,3.8,23,7333,
中证1000,morning_star+time_exit,technical,time_exit,-33.46,-13.20,-0.43,45.16,47.76,0.87,5532,3.7,16,7648,
中证1000,morning_star+time_exit,low_volatility,time_exit,-27.37,-10.52,-0.35,38.01,46.06,0.89,5682,3.9,0,8032,
中证1000,morning_star+time_exit,signal_recency,time_exit,-32.79,-12.90,-0.44,42.71,46.93,0.87,5625,3.6,0,7280,
中证1000,morning_star+time_exit,ma_alignment,time_exit,-24.21,-9.19,-0.28,38.97,48.11,0.90,5606,3.9,31,7383,
中证1000,morning_star+time_exit,weekly_ma_alignment,time_exit,-28.08,-10.83,-0.34,44.88,47.50,0.88,5613,4.0,47,7458,
中证1000,morning_star+time_exit,random,time_exit,-25.66,-9.79,-0.31,38.56,46.88,0.90,5529,3.8,31,7324,
中证1000,three_soldiers+time_exit,momentum,time_exit,-96.26,-68.09,-3.75,96.30,43.20,0.54,11191,1.7,31,7363,
中证1000,three_soldiers+time_exit,value,time_exit,-59.96,-27.25,-1.31,61.03,37.99,0.77,11257,3.2,6,7500,
中证1000,three_soldiers+time_exit,turnover,time_exit,-93.76,-61.87,-2.57,94.95,42.58,0.50,9552,2.9,39,7453,
中证1000,three_soldiers+time_exit,technical,time_exit,-96.63,-69.22,-3.84,96.68,43.35,0.53,11146,1.7,33,7449,
中证1000,three_soldiers+time_exit,low_volatility,time_exit,-74.51,-37.82,-2.21,74.84,39.87,0.69,11469,2.6,15,7592,
中证1000,three_soldiers+time_exit,signal_recency,time_exit,-91.23,-57.08,-3.27,91.23,39.80,0.62,10423,1.7,25,7955,
中证1000,three_soldiers+time_exit,ma_alignment,time_exit,-86.77,-50.49,-1.96,89.97,45.78,0.61,9797,3.1,53,7634,
中证1000,three_soldiers+time_exit,weekly_ma_alignment,time_exit,-79.22,-42.08,-1.57,84.97,44.53,0.65,9440,3.4,59,7342,
中证1000,three_soldiers+time_exit,random,time_exit,-89.01,-53.59,-2.79,89.48,40.50,0.62,10389,2.1,18,7358,
中证1000,breakout+time_exit,momentum,time_exit,-99.79,-88.29,-6.57,99.80,39.47,0.46,11860,1.1,51,8106,
中证1000,breakout+time_exit,value,time_exit,-78.82,-41.70,-2.20,79.40,36.17,0.64,11193,3.3,39,7717,
中证1000,breakout+time_exit,turnover,time_exit,-97.61,-72.69,-3.20,98.03,45.92,0.47,8900,2.7,18,7693,
中证1000,breakout+time_exit,technical,time_exit,-99.81,-88.62,-6.59,99.81,39.48,0.46,11830,1.1,48,7847,
中证1000,breakout+time_exit,low_volatility,time_exit,-87.01,-50.80,-3.07,87.28,41.83,0.63,11389,2.4,93,7781,
中证1000,breakout+time_exit,signal_recency,time_exit,-96.08,-67.57,-4.42,96.18,41.85,0.58,10283,1.5,32,7579,
中证1000,breakout+time_exit,ma_alignment,time_exit,-97.30,-71.50,-3.26,97.96,46.96,0.47,8845,3.2,24,8481,
中证1000,breakout+time_exit,weekly_ma_alignment,time_exit,-92.82,-59.96,-2.41,94.71,45.31,0.51,8707,3.7,65,8135,
中证1000,breakout+time_exit,random,time_exit,-97.72,-73.15,-4.93,97.76,39.69,0.55,10757,1.4,55,7761,
中证1000,volume_contraction+time_exit,momentum,time_exit,-61.04,-27.94,-1.01,61.69,51.51,0.77,9261,2.9,8,7280,
中证1000,volume_contraction+time_exit,value,time_exit,-48.88,-20.80,-0.72,49.74,44.09,0.82,9223,3.5,2,7399,
中证1000,volume_contraction+time_exit,turnover,time_exit,-46.68,-19.63,-0.56,49.74,48.84,0.82,8562,3.6,0,7617,
中证1000,volume_contraction+time_exit,technical,time_exit,-63.02,-29.23,-1.05,64.21,51.71,0.76,9295,2.9,0,7592,
中证1000,volume_contraction+time_exit,low_volatility,time_exit,-52.51,-22.80,-0.82,53.31,44.93,0.82,8953,2.9,8,7309,
中证1000,volume_contraction+time_exit,signal_recency,time_exit,-57.65,-25.82,-0.90,58.36,47.06,0.80,9111,2.4,6,7331,
中证1000,volume_contraction+time_exit,ma_alignment,time_exit,-44.36,-18.43,-0.56,47.97,48.97,0.84,8718,3.6,8,8092,
中证1000,volume_contraction+time_exit,weekly_ma_alignment,time_exit,-42.52,-17.51,-0.50,47.73,47.57,0.85,8818,3.6,6,7651,
中证1000,volume_contraction+time_exit,random,time_exit,-54.69,-24.06,-0.81,55.46,46.85,0.81,9075,2.8,0,7702,
中证1000,always_buy+shooting_star,momentum,,-99.97,-93.99,-7.32,99.97,38.44,0.44,12394,1.1,52,10191,
中证1000,always_buy+shooting_star,value,,41.65,12.87,0.55,21.07,37.65,1.69,11109,159.7,73,10229,
中证1000,always_buy+shooting_star,turnover,,-95.48,-65.92,-2.10,97.29,50.85,0.46,10233,6.0,19,9922,
中证1000,always_buy+shooting_star,technical,,-99.97,-94.24,-7.43,99.97,38.27,0.44,12221,1.1,48,10239,
中证1000,always_buy+shooting_star,low_volatility,,-88.95,-53.49,-3.00,89.21,39.08,0.64,13649,1.6,595,10522,
中证1000,always_buy+shooting_star,signal_recency,,-82.11,-45.02,-2.65,82.59,40.91,0.70,13717,1.5,48,10940,
中证1000,always_buy+shooting_star,ma_alignment,,-86.22,-49.78,-1.44,92.57,62.86,0.55,10583,10.2,75,11936,
中证1000,always_buy+shooting_star,weekly_ma_alignment,,-54.56,-23.98,-0.49,75.43,60.09,0.67,8484,17.1,78,12956,
中证1000,always_buy+shooting_star,random,,-91.11,-56.88,-3.16,91.18,41.83,0.67,14326,1.0,34,10664,
中证1000,always_buy+bearish_engulf,momentum,,-99.97,-93.99,-7.29,99.97,38.40,0.45,12410,1.1,52,10609,
中证1000,always_buy+bearish_engulf,value,,29.66,9.45,0.42,21.67,39.20,1.32,12413,65.4,75,10206,
中证1000,always_buy+bearish_engulf,turnover,,-96.21,-67.94,-2.22,97.69,50.37,0.46,10213,5.0,19,10273,
中证1000,always_buy+bearish_engulf,technical,,-99.97,-94.30,-7.43,99.97,38.23,0.44,12188,1.1,46,9957,
中证1000,always_buy+bearish_engulf,low_volatility,,-88.77,-53.23,-2.97,88.95,39.37,0.64,13681,1.5,595,11157,
中证1000,always_buy+bearish_engulf,signal_recency,,-80.01,-42.85,-2.48,80.62,41.63,0.71,13882,1.5,50,9133,
中证1000,always_buy+bearish_engulf,ma_alignment,,-89.40,-54.17,-1.67,94.35,59.20,0.54,11116,8.1,75,11780,
中证1000,always_buy+bearish_engulf,weekly_ma_alignment,,-67.78,-32.54,-0.78,82.63,53.79,0.63,10292,11.7,80,12668,
中证1000,always_buy+bearish_engulf,random,,-94.78,-64.16,-3.69,94.89,40.55,0.63,14300,1.0,55,8977,
中证1000,always_buy+evening_star,momentum,,-99.97,-93.99,-7.29,99.97,38.40,0.45,12410,1.1,52,10204,
中证1000,always_buy+evening_star,value,,39.79,12.35,0.54,20.97,37.57,1.64,11118,147.3,73,9988,
中证1000,always_buy+evening_star,turnover,,-95.47,-65.89,-2.09,97.27,50.97,0.46,10175,5.6,19,9829,
中证1000,always_buy+evening_star,technical,,-99.97,-94.30,-7.43,99.97,38.23,0.44,12188,1.1,46,10113,
中证1000,always_buy+evening_star,low_volatility,,-88.86,-53.36,-2.98,89.12,39.05,0.64,13667,1.6,595,11071,
中证1000,always_buy+evening_star,signal_recency,,-83.12,-46.12,-2.74,83.57,40.68,0.69,13639,1.5,46,9973,
中证1000,always_buy+evening_star,ma_alignment,,-86.55,-50.21,-1.46,92.89,62.23,0.55,10780,9.9,71,12079,
中证1000,always_buy+evening_star,weekly_ma_alignment,,-55.86,-24.74,-0.52,75.83,59.37,0.68,8858,16.4,76,12898,
中证1000,always_buy+evening_star,random,,-93.38,-61.08,-3.41,93.49,40.78,0.65,14323,1.0,29,9368,
中证1000,always_buy+three_crows,momentum,,-99.97,-93.99,-7.29,99.97,38.40,0.45,12410,1.1,52,9299,
中证1000,always_buy+three_crows,value,,28.61,9.14,0.41,22.66,47.78,1.34,12054,36.3,73,9421,
中证1000,always_buy+three_crows,turnover,,-95.48,-65.90,-2.09,97.24,51.23,0.46,10169,5.8,19,9721,
中证1000,always_buy+three_crows,technical,,-99.97,-94.30,-7.43,99.97,38.23,0.44,12188,1.1,46,9673,
中证1000,always_buy+three_crows,low_volatility,,-89.33,-54.06,-3.05,89.58,39.38,0.63,13634,1.5,595,10730,
中证1000,always_buy+three_crows,signal_recency,,-76.71,-39.74,-2.26,77.31,41.42,0.73,13818,1.5,32,9716,
中证1000,always_buy+three_crows,ma_alignment,,-86.45,-50.08,-1.45,93.06,61.71,0.55,10911,9.1,75,12665,
中证1000,always_buy+three_crows,weekly_ma_alignment,,-57.30,-25.60,-0.54,76.48,58.21,0.67,9172,13.9,82,12633,
中证1000,always_buy+three_crows,random,,-92.58,-59.52,-3.28,92.69,40.51,0.66,14338,1.0,34,9568,
中证1000,always_buy+rsi_overbought_sell,momentum,,-99.97,-93.99,-7.29,99.97,38.40,0.45,12410,1.1,52,9777,
中证1000,always_buy+rsi_overbought_sell,value,,24.70,7.97,0.36,20.75,28.36,1.38,12405,62.3,75,9781,
中证1000,always_buy+rsi_overbought_sell,turnover,,-96.69,-69.40,-2.32,98.02,48.79,0.45,10677,4.1,19,9541,
中证1000,always_buy+rsi_overbought_sell,technical,,-99.97,-94.29,-7.42,99.97,38.24,0.44,12187,1.1,46,10526,
中证1000,always_buy+rsi_overbought_sell,low_volatility,,-88.92,-53.45,-2.99,89.18,39.17,0.64,13633,1.5,595,10486,
中证1000,always_buy+rsi_overbought_sell,signal_recency,,-79.05,-41.92,-2.41,79.45,40.45,0.72,13874,1.5,44,9985,
中证1000,always_buy+rsi_overbought_sell,ma_alignment,,-92.66,-59.67,-1.98,96.10,54.55,0.55,11169,5.6,82,12603,
中证1000,always_buy+rsi_overbought_sell,weekly_ma_alignment,,-74.00,-37.39,-0.98,86.42,48.17,0.66,10865,10.5,92,13083,
中证1000,always_buy+rsi_overbought_sell,random,,-91.86,-58.18,-3.13,91.96,41.09,0.67,14323,1.0,35,9401,
中证1000,always_buy+time_exit,momentum,time_exit,-99.93,-91.80,-6.99,99.93,38.25,0.44,10652,1.1,67,9784,
中证1000,always_buy+time_exit,value,time_exit,-32.82,-12.91,-0.66,40.80,42.96,0.88,11038,2.5,61,9614,
中证1000,always_buy+time_exit,turnover,time_exit,-99.01,-79.87,-3.58,99.37,44.18,0.43,8292,2.0,26,10441,
中证1000,always_buy+time_exit,technical,time_exit,-99.94,-92.63,-7.26,99.95,38.07,0.43,10441,1.1,58,9811,
中证1000,always_buy+time_exit,low_volatility,time_exit,-89.38,-54.13,-3.45,89.64,38.98,0.61,10886,1.3,475,9610,
中证1000,always_buy+time_exit,signal_recency,time_exit,-83.37,-46.40,-3.30,83.84,41.34,0.68,10855,1.3,53,8924,
中证1000,always_buy+time_exit,ma_alignment,time_exit,-98.19,-75.21,-3.52,98.97,47.08,0.49,8401,2.3,78,11502,
中证1000,always_buy+time_exit,weekly_ma_alignment,time_exit,-92.59,-59.52,-2.28,95.99,49.02,0.55,7797,2.6,88,11711,
中证1000,always_buy+time_exit,random,time_exit,-90.70,-56.20,-3.47,90.80,40.33,0.67,11499,1.0,36,9628,
